{
  "name": "Hapfel",
  "level": 90,
  "class": "Samurai",
  "body_type": "Type A",
  "stats": {
    "vigor": 44,
    "mind": 18,
    "endurance": 20,
    "strength": 12,
    "dexterity": 24,
    "intelligence": 9,
    "faith": 33,
    "arcane": 9
  },
  "max_hp": 1680,
  "max_fp": 110,
  "max_stamina": 121,
  "runes": 0,
  "playtime_seconds": 50316,
  "playtime": "13h 58m 36s",
  "ng_level": "NG",
  "bosses_defeated": 47,
  "graces_unlocked": 117,
  "ng_plus": 0,
  "equipment": {
    "right_hand_1": {
      "id": 17050009,
      "name": "Vyke's War Spear"
    },
    "left_hand_1": {
      "id": 34090004,
      "name": "Frenzied Flame Seal"
    },
    "left_hand_2": {
      "id": 31300000,
      "name": "Blue Crest Heater Shield"
    },
    "chest": {
      "id": 950100,
      "name": "Fingerprint Armor"
    },
    "arms": {
      "id": 950200,
      "name": "Fingerprint Gauntlets"
    },
    "legs": {
      "id": 950300,
      "name": "Fingerprint Greaves"
    },
    "talisman_1": {
      "id": 1051,
      "name": "Radagon's Soreseal"
    },
    "talisman_2": {
      "id": 2180,
      "name": "Claw Talisman"
    },
    "talisman_3": {
      "id": 1021,
      "name": "Viridian Amber Medallion +1"
    }
  },
  "has_dlc": true,
  "convergence": {
    "convergence_detected": true,
    "custom_items": {}
  }
}