{
  "name": "LeMage",
  "level": 185,
  "class": "Confessor",
  "body_type": "Type A",
  "stats": {
    "vigor": 61,
    "mind": 45,
    "endurance": 40,
    "strength": 15,
    "dexterity": 15,
    "intelligence": 70,
    "faith": 9,
    "arcane": 9
  },
  "runes": 217601,
  "playtime_seconds": 122815,
  "playtime": "34h 6m 55s",
  "ng_level": "NG",
  "bosses_defeated": 112,
  "graces_unlocked": 206,
  "ng_plus": 0,
  "equipment": {
    "right_hand_1": {
      "id": 67530011,
      "name": "Unknown Item (0x04066D1B)"
    },
    "right_hand_2": {
      "id": 33250011,
      "name": "Meteorite Staff"
    },
    "right_hand_3": {
      "id": 67500612,
      "name": "Unknown Item (0x0405FA44)"
    },
    "left_hand_1": {
      "id": 67530013,
      "name": "Unknown Item (0x04066D1D)"
    },
    "left_hand_2": {
      "id": 30110000,
      "name": "Rift Shield"
    },
    "left_hand_3": {
      "id": 110000,
      "name": "Unknown Item (0x0001ADB0)"
    },
    "head": {
      "id": 1902000,
      "name": "Glintstone Scarab"
    },
    "chest": {
      "id": 293100,
      "name": "Night Maiden Armor"
    },
    "arms": {
      "id": 293200,
      "name": "night maiden bracelets"
    },
    "legs": {
      "id": 293300,
      "name": "night maiden greaves"
    },
    "talisman_1": {
      "id": 7030,
      "name": "Two-Headed Turtle Talisman"
    },
    "talisman_2": {
      "id": 3030,
      "name": "Graven-School Talisman"
    },
    "talisman_3": {
      "id": 8040,
      "name": "Two-Handed Sword Talisman"
    },
    "talisman_4": {
      "id": 1230,
      "name": "Warrior Jar Shard"
    }
  },
  "has_dlc": true,
  "convergence": {
    "convergence_detected": true,
    "custom_items": {}
  },
  "overhaul_mod": {
    "name": "Convergence",
    "version": "2.2.3A"
  },
  "requires_mod": true,
  "mod_info": {
    "name": "Convergence",
    "version": "2.2.3A",
    "required": true
  }
}