{
  "name": "hapfel\u0000:3",
  "level": 90,
  "class": "Samurai",
  "body_type": "Type A",
  "stats": {
    "vigor": 44,
    "mind": 18,
    "endurance": 20,
    "strength": 12,
    "dexterity": 24,
    "intelligence": 9,
    "faith": 33,
    "arcane": 9
  },
  "runes": 0,
  "playtime_seconds": 50252,
  "playtime": "13h 57m 32s",
  "ng_plus": 0,
  "equipment": {
    "right_hand_1": {
      "id": 17050009,
      "name": "Vyke's War Spear"
    },
    "left_hand_1": {
      "id": 34090004,
      "name": "Frenzied Flame Seal"
    },
    "left_hand_2": {
      "id": 31300000,
      "name": "Blue Crest Heater Shield"
    },
    "head": {
      "id": 10000,
      "name": ""
    },
    "chest": {
      "id": 950100,
      "name": "Fingerprint Armor"
    },
    "arms": {
      "id": 950200,
      "name": "Fingerprint Gauntlets"
    },
    "legs": {
      "id": 950300,
      "name": "Fingerprint Greaves"
    },
    "talismans": [
      {
        "id": 1051,
        "name": "Radagon's Soreseal"
      },
      {
        "id": 2180,
        "name": "Claw Talisman"
      },
      {
        "id": 1021,
        "name": "Viridian Amber Medallion +1"
      }
    ]
  },
  "has_dlc": true
}